<?xml version="1.0" encoding="UTF-8"?>
<preferences>
 <debug showDebugMenu="0" />
 <systemtable filter="All Interfaces">
  <columns>
   <connections preferredWidth="143" />
   <irq preferredWidth="34" />
  </columns>
 </systemtable>
 <library
   expandedCategories="Library/Basic Functions/On Chip Memory,Library/University Program/Generic IO,Library/University Program,Library/Processors and Peripherals,Library/Basic Functions,Library/Processors and Peripherals/Peripherals,Library/Basic Functions/Configuration and Programming,Library" />
 <window width="1296" height="776" x="-8" y="-8" />
 <generation synthesis="NONE" simulation="VERILOG" />
</preferences>
